{
    "0.00": 0.5,
    "0.01": 0.503989356,
    "0.02": 0.507978314,
    "0.03": 0.511966473,
    "0.04": 0.515953437,
    "0.05": 0.519938806,
    "0.06": 0.523922183,
    "0.07": 0.52790317,
    "0.08": 0.531881372,
    "0.09": 0.535856393,
    "0.10": 0.539827837,
    "0.11": 0.543795313,
    "0.12": 0.547758426,
    "0.13": 0.551716787,
    "0.14": 0.555670005,
    "0.15": 0.559617692,
    "0.16": 0.563559463,
    "0.17": 0.567494932,
    "0.18": 0.571423716,
    "0.19": 0.575345435,
    "0.20": 0.579259709,
    "0.21": 0.583166163,
    "0.22": 0.587064423,
    "0.23": 0.590954115,
    "0.24": 0.594834872,
    "0.25": 0.598706326,
    "0.26": 0.602568113,
    "0.27": 0.606419873,
    "0.28": 0.610261248,
    "0.29": 0.614091881,
    "0.30": 0.617911422,
    "0.31": 0.621719522,
    "0.32": 0.625515835,
    "0.33": 0.629300019,
    "0.34": 0.633071736,
    "0.35": 0.636830651,
    "0.36": 0.640576433,
    "0.37": 0.644308755,
    "0.38": 0.648027292,
    "0.39": 0.651731727,
    "0.40": 0.655421742,
    "0.41": 0.659097026,
    "0.42": 0.662757273,
    "0.43": 0.666402179,
    "0.44": 0.670031446,
    "0.45": 0.67364478,
    "0.46": 0.67724189,
    "0.47": 0.680822491,
    "0.48": 0.684386303,
    "0.49": 0.687933051,
    "0.50": 0.691462461,
    "0.51": 0.694974269,
    "0.52": 0.698468212,
    "0.53": 0.701944035,
    "0.54": 0.705401484,
    "0.55": 0.708840313,
    "0.56": 0.712260281,
    "0.57": 0.715661151,
    "0.58": 0.719042691,
    "0.59": 0.722404675,
    "0.60": 0.725746882,
    "0.61": 0.729069096,
    "0.62": 0.732371107,
    "0.63": 0.735652708,
    "0.64": 0.7389137,
    "0.65": 0.742153889,
    "0.66": 0.745373085,
    "0.67": 0.748571105,
    "0.68": 0.75174777,
    "0.69": 0.754902906,
    "0.70": 0.758036348,
    "0.71": 0.761147932,
    "0.72": 0.764237502,
    "0.73": 0.767304908,
    "0.74": 0.770350003,
    "0.75": 0.773372648,
    "0.76": 0.776372708,
    "0.77": 0.779350054,
    "0.78": 0.782304562,
    "0.79": 0.785236116,
    "0.80": 0.788144601,
    "0.81": 0.791029912,
    "0.82": 0.793891946,
    "0.83": 0.796730608,
    "0.84": 0.799545807,
    "0.85": 0.802337457,
    "0.86": 0.805105479,
    "0.87": 0.807849798,
    "0.88": 0.810570345,
    "0.89": 0.813267057,
    "0.90": 0.815939875,
    "0.91": 0.818588745,
    "0.92": 0.82121362,
    "0.93": 0.823814458,
    "0.94": 0.82639122,
    "0.95": 0.828943874,
    "0.96": 0.831472393,
    "0.97": 0.833976754,
    "0.98": 0.836456941,
    "0.99": 0.83891294,
    "1.00": 0.841344746,
    "1.01": 0.843752355,
    "1.02": 0.84613577,
    "1.03": 0.848494997,
    "1.04": 0.85083005,
    "1.05": 0.853140944,
    "1.06": 0.8554277,
    "1.07": 0.857690346,
    "1.08": 0.85992891,
    "1.09": 0.862143428,
    "1.10": 0.864333939,
    "1.11": 0.866500487,
    "1.12": 0.868643119,
    "1.13": 0.870761888,
    "1.14": 0.872856849,
    "1.15": 0.874928064,
    "1.16": 0.876975597,
    "1.17": 0.878999516,
    "1.18": 0.880999893,
    "1.19": 0.882976804,
    "1.20": 0.88493033,
    "1.21": 0.886860554,
    "1.22": 0.888767563,
    "1.23": 0.890651448,
    "1.24": 0.892512303,
    "1.25": 0.894350226,
    "1.26": 0.896165319,
    "1.27": 0.897957685,
    "1.28": 0.899727432,
    "1.29": 0.901474671,
    "1.30": 0.903199515,
    "1.31": 0.904902082,
    "1.32": 0.906582491,
    "1.33": 0.908240864,
    "1.34": 0.909877328,
    "1.35": 0.911492009,
    "1.36": 0.913085038,
    "1.37": 0.914656549,
    "1.38": 0.916206678,
    "1.39": 0.917735561,
    "1.40": 0.919243341,
    "1.41": 0.920730159,
    "1.42": 0.922196159,
    "1.43": 0.92364149,
    "1.44": 0.9250663,
    "1.45": 0.92647074,
    "1.46": 0.927854963,
    "1.47": 0.929219123,
    "1.48": 0.930563377,
    "1.49": 0.931887882,
    "1.50": 0.933192799,
    "1.51": 0.934478288,
    "1.52": 0.935744512,
    "1.53": 0.936991636,
    "1.54": 0.938219823,
    "1.55": 0.939429242,
    "1.56": 0.940620059,
    "1.57": 0.941792444,
    "1.58": 0.942946567,
    "1.59": 0.944082597,
    "1.60": 0.945200708,
    "1.61": 0.946301072,
    "1.62": 0.947383862,
    "1.63": 0.948449252,
    "1.64": 0.949497417,
    "1.65": 0.950528532,
    "1.66": 0.951542774,
    "1.67": 0.952540318,
    "1.68": 0.953521342,
    "1.69": 0.954486023,
    "1.70": 0.955434537,
    "1.71": 0.956367063,
    "1.72": 0.957283779,
    "1.73": 0.958184862,
    "1.74": 0.959070491,
    "1.75": 0.959940843,
    "1.76": 0.960796097,
    "1.77": 0.96163643,
    "1.78": 0.96246202,
    "1.79": 0.963273044,
    "1.80": 0.964069681,
    "1.81": 0.964852106,
    "1.82": 0.965620498,
    "1.83": 0.966375031,
    "1.84": 0.967115881,
    "1.85": 0.967843225,
    "1.86": 0.968557237,
    "1.87": 0.969258091,
    "1.88": 0.969945961,
    "1.89": 0.97062102,
    "1.90": 0.97128344,
    "1.91": 0.971933393,
    "1.92": 0.97257105,
    "1.93": 0.973196581,
    "1.94": 0.973810155,
    "1.95": 0.97441194,
    "1.96": 0.975002105,
    "1.97": 0.975580815,
    "1.98": 0.976148236,
    "1.99": 0.976704532,
    "2.00": 0.977249868,
    "2.01": 0.977784406,
    "2.02": 0.978308306,
    "2.03": 0.97882173,
    "2.04": 0.979324837,
    "2.05": 0.979817785,
    "2.06": 0.98030073,
    "2.07": 0.980773828,
    "2.08": 0.981237234,
    "2.09": 0.9816911,
    "2.10": 0.982135579,
    "2.11": 0.982570822,
    "2.12": 0.982996977,
    "2.13": 0.983414193,
    "2.14": 0.983822617,
    "2.15": 0.984222393,
    "2.16": 0.984613665,
    "2.17": 0.984996577,
    "2.18": 0.985371269,
    "2.19": 0.985737882,
    "2.20": 0.986096552,
    "2.21": 0.986447419,
    "2.22": 0.986790616,
    "2.23": 0.987126279,
    "2.24": 0.987454539,
    "2.25": 0.987775527,
    "2.26": 0.988089375,
    "2.27": 0.988396208,
    "2.28": 0.988696156,
    "2.29": 0.988989342,
    "2.30": 0.98927589,
    "2.31": 0.989555923,
    "2.32": 0.989829561,
    "2.33": 0.990096924,
    "2.34": 0.99035813,
    "2.35": 0.990613294,
    "2.36": 0.990862532,
    "2.37": 0.991105957,
    "2.38": 0.991343681,
    "2.39": 0.991575814,
    "2.40": 0.991802464,
    "2.41": 0.99202374,
    "2.42": 0.992239746,
    "2.43": 0.992450589,
    "2.44": 0.992656369,
    "2.45": 0.992857189,
    "2.46": 0.993053149,
    "2.47": 0.993244347,
    "2.48": 0.993430881,
    "2.49": 0.993612845,
    "2.50": 0.993790335,
    "2.51": 0.993963442,
    "2.52": 0.994132258,
    "2.53": 0.994296874,
    "2.54": 0.994457377,
    "2.55": 0.994613854,
    "2.56": 0.994766392,
    "2.57": 0.994915074,
    "2.58": 0.995059984,
    "2.59": 0.995201203,
    "2.60": 0.995338812,
    "2.61": 0.995472889,
    "2.62": 0.995603512,
    "2.63": 0.995730757,
    "2.64": 0.995854699,
    "2.65": 0.995975411,
    "2.66": 0.996092967,
    "2.67": 0.996207438,
    "2.68": 0.996318892,
    "2.69": 0.996427399,
    "2.70": 0.996533026,
    "2.71": 0.99663584,
    "2.72": 0.996735904,
    "2.73": 0.996833284,
    "2.74": 0.996928041,
    "2.75": 0.997020237,
    "2.76": 0.997109932,
    "2.77": 0.997197185,
    "2.78": 0.997282055,
    "2.79": 0.997364598,
    "2.80": 0.99744487,
    "2.81": 0.997522925,
    "2.82": 0.997598818,
    "2.83": 0.9976726,
    "2.84": 0.997744323,
    "2.85": 0.997814039,
    "2.86": 0.997881795,
    "2.87": 0.997947641,
    "2.88": 0.998011624,
    "2.89": 0.998073791,
    "2.90": 0.998134187,
    "2.91": 0.998192856,
    "2.92": 0.998249843,
    "2.93": 0.99830519,
    "2.94": 0.998358939,
    "2.95": 0.99841113,
    "2.96": 0.998461805,
    "2.97": 0.998511001,
    "2.98": 0.998558758,
    "2.99": 0.998605113,
    "3.00": 0.998650102
}